{"cameraMode":{"drawMode":0,"name":"Shaded","section":"Shading Mode"},"sceneLighting":true,"audioPlay":false,"sceneViewState":{"m_AlwaysRefresh":false,"showFog":true,"showSkybox":true,"showFlares":true,"showImageEffects":true,"showParticleSystems":true,"showVisualEffectGraphs":true,"m_FxEnabled":true},"in2DMode":false,"pivot":{"x":-8.316201210021973,"y":-11.760032653808594,"z":18.053749084472658},"rotation":{"x":0.20196180045604707,"y":-0.11896699666976929,"z":0.024767320603132249,"w":0.9718555808067322},"size":19.922637939453126,"orthographic":false}